No.,Marca (Series),Codigo (Item No),Nombre del Producto,Ruta de Imagen
1,Freemotion,ES813,Freemotion EPIC Selectorized Calf Extension,uploads/productos/ES813-01.jpg
2,Matrix Fitness,G3-S71,Matrix Aura Leg Extension (Single-Station),uploads/productos/G3-S71-01.jpg
3,Matrix Fitness,G3-S72,Matrix Aura Seated Leg Curl (Single-Station),uploads/productos/G3-S72-01.jpg
4,Hammer Strength,HS-ABC,Hammer Strength Select Abdominal Crunch,uploads/productos/HS-ABC-01.jpg
5,Life Fitness,LIFEFITNESS-INTEGRITY-E,Life Fitness Integrity Series Elliptical (SE3 HD Console),uploads/productos/LIFEFITNESS-INTEGRITY-E-01.jpg
6,Life Fitness,LIFEFITNESS-INTEGRITY-T,Life Fitness Integrity Series Treadmill (SL Console),uploads/productos/LIFEFITNESS-INTEGRITY-T-01.jpg
7,Matrix Fitness,MATRIX-E5X,Matrix E5x Suspension Elliptical,uploads/productos/MATRIX-E5X-01.jpg
8,Matrix Fitness,MATRIX-TREADMILL-PF,Matrix Trotadora Comercial (edicion Planet Fitness),uploads/productos/MATRIX-TREADMILL-PF-01.jpg
9,Hammer Strength,MTSFP,Hammer Strength MTS Iso-Lateral Front Pulldown,uploads/productos/MTSFP-01.jpg
10,Hammer Strength,MTSSP,Hammer Strength MTS Iso-Lateral Shoulder Press,uploads/productos/MTSSP-01.jpg
11,Power Lift,POWERLIFT-HR-PRO,Power Lift Pro Series Half Rack,uploads/productos/POWERLIFT-HR-PRO-01.jpg
12,Precor,PRECOR-CHRONO-PWR,Precor Spinner Chrono Power Indoor Cycle,uploads/productos/PRECOR-CHRONO-PWR-01.jpg
13,Nautilus,S5LC,Nautilus Nitro Plus Seated Leg Curl,uploads/productos/S5LC-01.jpg
14,Schwinn,SCHWINN-ACPP-CB,Schwinn AC Performance Plus (Carbon Blue) Indoor Cycle,uploads/productos/SCHWINN-ACPP-CB-01.jpg
15,Precor,PRECOR-TRM885,Precor TRM 885 Treadmill (P82 Console),uploads/productos/PRECOR-TRM885-01.jpg
16,Life Fitness,LIFEFITNESS-ARCTRAINER-C,Life Fitness Total Body Arc Trainer (C Console),uploads/productos/LIFEFITNESS-ARCTRAINER-C-01.jpg
17,Precor,PRECOR-STRETCH-240I,Precor 240i StretchTrainer,uploads/productos/PRECOR-STRETCH-240I-01.jpg
18,Cybex,CYBEX-JUNGLE-4STACK,Cybex Modular 4-Stack Jungle Gym,uploads/productos/CYBEX-JUNGLE-4STACK-01.jpg
19,Tomahawk,TOMAHAWK-IC7,Tomahawk IC7 Indoor Cycle,uploads/productos/TOMAHAWK-IC7-01.jpg
20,Life Fitness,LIFEFITNESS-INTEGRITY-U-BIKE,Life Fitness Integrity Series Upright Bike (C Console),uploads/productos/LIFEFITNESS-INTEGRITY-U-BIKE-01.jpg
21,Life Fitness,LIFEFITNESS-INTEGRITY-R-BIKE,Life Fitness Integrity Series Recumbent Bike (C Console),uploads/productos/LIFEFITNESS-INTEGRITY-R-BIKE-01.jpg
22,Life Fitness,LIFEFITNESS-ROW-GX,Life Fitness Row GX Trainer (Water Rower),uploads/productos/LIFEFITNESS-ROW-GX-01.jpg
23,Freemotion,FREEMOTION-SMITH,Freemotion EPIC Smith Machine,uploads/productos/FREEMOTION-SMITH-01.jpg
24,FULL ROM,FULLROM-RG5008,FULL ROM RG5008 Hack Squat,uploads/productos/FULLROM-RG5008-01.jpg
25,FULL ROM,FULLROM-RG1038,FULL ROM RG1038 Multi AB Bench,uploads/productos/FULLROM-RG1038-01.jpg
26,FULL ROM,FULLROM-RG1037,FULL ROM RG1037 Adjustable Bench,uploads/productos/FULLROM-RG1037-01.jpg
27,FULL ROM,FULLROM-OLY-FLAT,FULL ROM Olympic Flat Bench,uploads/productos/FULLROM-OLY-FLAT-01.jpg
28,FULL ROM,FULLROM-RG1071,FULL ROM RG1071 Half Rack,uploads/productos/FULLROM-RG1071-01.jpg
29,FULL ROM,FULLROM-RG2049,FULL ROM RG2049 Leg Curl,uploads/productos/FULLROM-RG2049-01.jpg
30,FULL ROM,FULLROM-RG1041,FULL ROM RG1041 Preacher Bench,uploads/productos/FULLROM-RG1041-01.jpg
31,Freemotion,FREEMOTION-F703,Freemotion LiveAxis Dead Lift F703,uploads/productos/FREEMOTION-F703-01.jpg
32,Freemotion,FREEMOTION-GZFM6019,Freemotion Genesis Overhead Tricep,uploads/productos/FREEMOTION-GZFM6019-01.jpg
33,Freemotion,FREEMOTION-GZFM6003,Freemotion Genesis Abdominal,uploads/productos/FREEMOTION-GZFM6003-01.jpg
34,Freemotion,FREEMOTION-GZFM6012,Freemotion Genesis Quad,uploads/productos/FREEMOTION-GZFM6012-01.jpg
35,Freemotion,FREEMOTION-GZFM6018,Freemotion Genesis Multi-Plane Shoulder,uploads/productos/FREEMOTION-GZFM6018-01.jpg
36,FULL ROM,FULLROM-DAP,FULL ROM Dual Adjustable Pulley,uploads/productos/FULLROM-DAP-01.jpg
37,Matrix,MATRIX-VERSA-BICEPS,Matrix Versa Biceps Curl (VS-S40),uploads/productos/MATRIX-VERSA-BICEPS-01.jpg
38,Matrix,MATRIX-VERSA-CHEST,Matrix Versa Chest Press (VS-S13),uploads/productos/MATRIX-VERSA-CHEST-01.jpg
39,Matrix,MATRIX-VERSA-LATPULL,Matrix Versa Lat Pulldown (VS-S33),uploads/productos/MATRIX-VERSA-LATPULL-01.jpg
40,Matrix,MATRIX-VERSA-ABDOMINAL,Matrix Versa Abdominal (VS-S53),uploads/productos/MATRIX-VERSA-ABDOMINAL-01.jpg
41,Matrix,MATRIX-VERSA-SHOULDER,Matrix Versa Shoulder Press (VS-S23),uploads/productos/MATRIX-VERSA-SHOULDER-01.jpg
42,Matrix,MATRIX-VERSA-TRICEPS,Matrix Versa Triceps Press (VS-S42),uploads/productos/MATRIX-VERSA-TRICEPS-01.jpg
43,Matrix,MATRIX-VERSA-LEGEXT,Matrix Versa Leg Extension (VS-S71),uploads/productos/MATRIX-VERSA-LEGEXT-01.jpg
44,Matrix,MATRIX-VERSA-LEGPRESS,Matrix Versa Leg Press (VS-S70),uploads/productos/MATRIX-VERSA-LEGPRESS-01.jpg
45,FULL ROM,FULLROM-LINEAR-LEG-PRESS,FULL ROM Linear Leg Press,uploads/productos/FULLROM-LINEAR-LEG-PRESS-01.jpg
46,FULL ROM,FULLROM-V-SQUAT,FULL ROM V-Squat,uploads/productos/FULLROM-V-SQUAT-01.jpg
47,FULL ROM,FULLROM-SISSY-SQUAT,FULL ROM Sissy Squat Bench,uploads/productos/FULLROM-SISSY-SQUAT-01.jpg
48,FULL ROM,RG5005,FULL ROM Frog Pump,uploads/productos/FULLROM-RG5005-01.jpg
49,FULL ROM,RG1039,FULL ROM Utility Bench,uploads/productos/FULLROM-RG1039-01.jpg
50,FULL ROM,RG5003,FULL ROM Belt Squat,uploads/productos/FULLROM-RG5003-01.jpg
51,Insight Fitness,RE8014,Insight Fitness Leg Extension,uploads/productos/INSIGHT-RE8014-01.jpg
52,Insight Fitness,RE8015,Insight Fitness Leg Curl,uploads/productos/INSIGHT-RE8015-01.jpg
53,Cybex,CYBEX-VR3-SEATED-LEG-CURL,Cybex VR3 Seated Leg Curl,uploads/productos/CYBEX-VR3-SEATED-LEG-CURL-01.jpg
