Source,Page,Position,Item No.,Item Name,Unit Price,Set Up Dimension,Weight Stack,N.W.,G.W.,Volume,Photo File,Image,Image Source,Source URL,Catalog Page
Price_List,1,1,M7Pro-1001,Seated Chest Press,"US$1,505",1621*1506*1801mm,293lbs/132.75kg,175kg,215kg,2.4,photos/Price_List_M7Pro-1001_p1.png,images/M7Pro-1001 - Seated Chest Press/01 - Seated Chest Press.jpeg,Official Realleader 2025 web catalog,https://realleadergym.com/album-dc15060.html,35
Price_List,1,2,M7Pro-1002,Seated Lateral Raise,"US$1,441",1318*1112*1450mm,174lbs/78.75kg,182kg,222kg,1.2,photos/Price_List_M7Pro-1002_p1.png,images/M7Pro-1002 - Seated Lateral Raise/01 - Seated Lateral Raise.jpeg,Official Realleader 2025 web catalog,https://realleadergym.com/album-dc15060.html,35
Price_List,1,3,M7Pro-1003,Shoulder Press,"US$1,478",1697*1428*1450mm,218lbs/99kg,175kg,215kg,1.7,photos/Price_List_M7Pro-1003_p1.png,images/M7Pro-1003 - Shoulder Press/01 - Shoulder Press.jpeg,Official Realleader 2025 web catalog,https://realleadergym.com/album-dc15060.html,35
Price_List,1,4,M7Pro-1004,Abdominal Crunch,"US$1,399",1307*1180*1628mm,218lbs/99kg,163kg,203kg,1.6,photos/Price_List_M7Pro-1004_p1.png,images/M7Pro-1004 - Abdominal Crunch/01 - Abdominal Crunch.jpeg,Official Realleader 2025 web catalog,https://realleadergym.com/album-dc15060.html,36
Price_List,1,5,M7Pro-1005,Seated Biceps Curl,"US$1,595",1410*1235*1450mm,174lbs/78.75kg,182kg,222kg,1.7,photos/Price_List_M7Pro-1005_p1.png,images/M7Pro-1005 - Seated Biceps Curl/01 - Seated Biceps Curl.jpeg,Official Realleader 2025 web catalog,https://realleadergym.com/album-dc15060.html,36
Price_List,1,6,M7Pro-1006,Seated Triceps Extension,"US$1,586",1685*1098*1450mm,263lbs/119.25kg,182kg,222kg,1.7,photos/Price_List_M7Pro-1006_p1.png,images/M7Pro-1006 - Seated Triceps Extension/01 - Seated Triceps Extension.jpeg,Official Realleader 2025 web catalog,https://realleadergym.com/album-dc15060.html,36
Price_List,1,7,M7Pro-1007,Pectoral Machine,"US$1,420",2055*1345*1630mm,263lbs/119.25kg,159kg,199kg,1.4,photos/Price_List_M7Pro-1007_p1.png,images/M7Pro-1007 - Pectoral Machine/01 - Pectoral Machine.jpeg,Official Realleader 2025 web catalog,https://realleadergym.com/album-dc15060.html,37
Price_List,1,8,M7Pro-1008,Lat Pull Down,"US$1,470",1852*1170*1930mm,263lbs/119.25kg,195kg,235kg,1.8,photos/Price_List_M7Pro-1008_p1.png,images/M7Pro-1008 - Lat Pull Down/01 - Lat Pull Down.jpeg,Official Realleader 2025 web catalog,https://realleadergym.com/album-dc15060.html,37
Price_List,2,9,M7Pro-1009,Seated Row/Rear Delt,"US$1,362",1485*966*1450mm,263lbs/119.25kg,159kg,199kg,1.5,photos/Price_List_M7Pro-1009_p2.png,images/M7Pro-1009 - Seated Row_Rear Delt/01 - Seated Row_Rear Delt.jpeg,Official Realleader 2025 web catalog,https://realleadergym.com/album-dc15060.html,37
Price_List,2,10,M7Pro-1010,Assistan Chin/Dip,"US$1,516",1931*1266*2286mm,263lbs/119.25kg,247kg,287kg,1.7,photos/Price_List_M7Pro-1010_p2.png,images/M7Pro-1010 - Assistan Chin_Dip/01 - Assistan Chin_Dip.jpeg,Official Realleader 2025 web catalog,https://realleadergym.com/album-dc15060.html,38
Price_List,2,11,M7Pro-1011,Pec Fly/Rear Delt,"US$1,441",1476*1380*1975mm,218lbs/99kg,172kg,212kg,2.3,photos/Price_List_M7Pro-1011_p2.png,images/M7Pro-1011 - Pec Fly_Rear Delt/01 - Pec Fly_Rear Delt.jpeg,Official Realleader 2025 web catalog,https://realleadergym.com/album-dc15060.html,38
Price_List,2,12,M7Pro-1012,Back Extension,"US$1,468",1622*1200*1450mm,293lbs/132.75kg,155kg,195kg,1.3,photos/Price_List_M7Pro-1012_p2.png,images/M7Pro-1012 - Back Extension/01 - Back Extension.jpeg,Official Realleader 2025 web catalog,https://realleadergym.com/album-dc15060.html,38
Price_List,2,13,M7Pro-2001,Hip Abductor,"US$1,404",1400*1122*1450mm,218lbs/99kg,175kg,215kg,2,photos/Price_List_M7Pro-2001_p2.png,images/M7Pro-2001 - Hip Abductor/01 - Hip Abductor.jpeg,Official Realleader 2025 web catalog,https://realleadergym.com/album-dc15060.html,39
Price_List,2,14,M7Pro-2002,Hip Adductor,"US$1,404",1455*1268*1450mm,218lbs/99kg,175kg,215kg,2,photos/Price_List_M7Pro-2002_p2.png,images/M7Pro-2002 - Hip Adductor/01 - Hip Adductor.jpeg,Official Realleader 2025 web catalog,https://realleadergym.com/album-dc15060.html,39
Price_List,2,15,M7Pro-2003,Leg Extension,"US$1,510",1250*1173*1630mm,293lbs/132.75kg,177kg,217kg,1.3,photos/Price_List_M7Pro-2003_p2.png,images/M7Pro-2003 - Leg Extension/01 - Leg Extension.jpeg,Official Realleader 2025 web catalog,https://realleadergym.com/album-dc15060.html,39
Price_List,2,16,M7Pro-2004,Leg Curl,"US$1,520",1483*1153*1630mm,293lbs/132.75kg,200kg,240kg,1.4,photos/Price_List_M7Pro-2004_p2.png,images/M7Pro-2004 - Leg Curl/01 - Leg Curl.jpeg,Official Realleader 2025 web catalog,https://realleadergym.com/album-dc15060.html,40
Price_List,2,17,M7Pro-2005,Seated Leg Press,"US$1,793",1985*1190*1630mm,293lbs/132.75kg,295kg,335kg,1.9,photos/Price_List_M7Pro-2005_p2.png,images/M7Pro-2005 - Seated Leg Press/01 - Seated Leg Press.jpeg,Official Realleader 2025 web catalog,https://realleadergym.com/album-dc15060.html,40
Price_List,2,18,M7Pro-2006,Rotary Torso Rotation,"US$1,404",1150*1116*1450mm,263lbs/119.25kg,164kg,204kg,1.4,photos/Price_List_M7Pro-2006_p2.png,images/M7Pro-2006 - Rotary Torso Rotation/01 - Rotary Torso Rotation.jpeg,Official Realleader 2025 web catalog,https://realleadergym.com/album-dc15060.html,40
Price_List,2,19,M7Pro-2007,Standing Calf Raise,"US$1,420",1258*1103*1635mm,263lbs/119.25kg,147kg,187kg,1.2,photos/Price_List_M7Pro-2007_p2.png,images/M7Pro-2007 - Standing Calf Raise/01 - Standing Calf Raise.jpeg,Official Realleader 2025 web catalog,https://realleadergym.com/album-dc15060.html,41
Price_List,3,20,M7Pro-2008,Glute Machine,"US$1,373",2070*1015*1630mm,263lbs/119.25kg,149kg,189kg,1.3,photos/Price_List_M7Pro-2008_p3.png,images/M7Pro-2008 - Glute Machine/01 - Glute Machine.jpeg,Official Realleader 2025 web catalog,https://realleadergym.com/album-dc15060.html,41
Price_List,3,21,M7Pro-2009,Prone leg curl,"US$1,444",1500*1080*1630mm,263lbs/119.25kg,150kg,190kg,1.2,photos/Price_List_M7Pro-2009_p3.png,images/M7Pro-2009 - Prone leg curl/01 - Prone leg curl.jpeg,Official Realleader 2025 web catalog,https://realleadergym.com/album-dc15060.html,41
Price_List,4,1,M3-1001,Chest Press,"US$1,060",1300*1476*1518mm,263lbs/119.25kg,182kg,222kg,1.5,photos/Price_List_M3-1001_p4.png,images/M3-1001 - Chest Press/01 - Chest Press.jpeg,Official Realleader 2025 web catalog,https://realleadergym.com/album-dc15060.html,44
Price_List,4,2,M3-1002,Lateral Raise,"US$1,020",1171*1137*1518mm,174lbs/78.75kg,152kg,192kg,1.2,photos/Price_List_M3-1002_p4.png,images/M3-1002 - Lateral Raise/01 - Lateral Raise.jpeg,Official Realleader 2025 web catalog,https://realleadergym.com/album-dc15060.html,44
Price_List,4,3,M3-1003,Hip Abductor,"US$1,015",992*1353*1518mm,218lbs/99kg,155kg,195kg,2,photos/Price_List_M3-1003_p4.png,images/M3-1003 - Hip Abductor/01 - Hip Abductor.jpeg,Official Realleader 2025 web catalog,https://realleadergym.com/album-dc15060.html,44
Price_List,4,4,M3-1004,Hip Adductor,"US$1,015",1146*1340*1518mm,218lbs/99kg,155kg,195kg,2,photos/Price_List_M3-1004_p4.png,images/M3-1004 - Hip Adductor/01 - Hip Adductor.jpeg,Official Realleader 2025 web catalog,https://realleadergym.com/album-dc15060.html,45
Price_List,4,5,M3-1005,Leg Extension,"US$1,043",1073*1587*1618mm,293lbs/132.75kg,140kg,180kg,1.4,photos/Price_List_M3-1005_p4.png,images/M3-1005 - Leg Extension/01 - Leg Extension.jpeg,Official Realleader 2025 web catalog,https://realleadergym.com/album-dc15060.html,45
Price_List,4,6,M3-1006,Prone Leg Curl,US$970,1043*1500*1518mm,263lbs/119.25kg,130kg,170kg,1.1,photos/Price_List_M3-1006_p4.png,images/M3-1006 - Prone Leg Curl/01 - Prone Leg Curl.jpeg,Official Realleader 2025 web catalog,https://realleadergym.com/album-dc15060.html,45
Price_List,4,7,M3-1007,Seated Shoulder Press,US$992,1444*1666*1518mm,218lbs/99kg,168kg,208kg,1.6,photos/Price_List_M3-1007_p4.png,images/M3-1007 - Seated Shoulder Press/01 - Seated Shoulder Press.jpeg,Official Realleader 2025 web catalog,https://realleadergym.com/album-dc15060.html,46
Price_List,4,8,M3-1008,Abdominal Crunch,US$986,1058*1280*1518mm,218lbs/99kg,142kg,182kg,1.4,photos/Price_List_M3-1008_p4.png,images/M3-1008 - Abdominal Crunch/01 - Abdominal Crunch.jpeg,Official Realleader 2025 web catalog,https://realleadergym.com/album-dc15060.html,46
Price_List,5,9,M3-1009,Seated Leg Press,"US$1,297",995*1942*1718mm,293lbs/132.75kg,256kg,296kg,1.9,photos/Price_List_M3-1009_p5.png,images/M3-1009 - Seated Leg Press/01 - Seated Leg Press.jpeg,Official Realleader 2025 web catalog,https://realleadergym.com/album-dc15060.html,46
Price_List,5,10,M3-1010,Seated Biceps Curl,"US$1,043",1371*1208*1518mm,174lbs/78.75kg,132kg,172kg,1.3,photos/Price_List_M3-1010_p5.png,images/M3-1010 - Seated Biceps Curl/01 - Seated Biceps Curl.jpeg,Official Realleader 2025 web catalog,https://realleadergym.com/album-dc15060.html,47
Price_List,5,11,M3-1011,Seated Triceps Extension,"US$1,043",1682*1157*1518mm,263lbs/119.25kg,132kg,172kg,1.5,photos/Price_List_M3-1011_p5.png,images/M3-1011 - Seated Triceps Extension/01 - Seated Triceps Extension.jpeg,Official Realleader 2025 web catalog,https://realleadergym.com/album-dc15060.html,47
Price_List,5,12,M3-1012,Pectoral Machine,"US$1,068",1090*1958*1518mm,263lbs/119.25kg,130kg,170kg,1.5,photos/Price_List_M3-1012_p5.png,images/M3-1012 - Pectoral Machine/01 - Pectoral Machine.jpeg,Official Realleader 2025 web catalog,https://realleadergym.com/album-dc15060.html,47
Price_List,5,13,M3-1013,Lat Pull Down,US$986,1090*1958*1882mm,263lbs/119.25kg,165kg,205kg,1.8,photos/Price_List_M3-1013_p5.png,images/M3-1013 - Lat Pull Down/01 - Lat Pull Down.jpeg,Official Realleader 2025 web catalog,https://realleadergym.com/album-dc15060.html,48
Price_List,5,14,M3-1014,Multi Hip,"US$1,099",1165*1113*1618mm,263lbs/119.25kg,215kg,255kg,1.7,photos/Price_List_M3-1014_p5.png,images/M3-1014 - Multi Hip/01 - Multi Hip.jpeg,Official Realleader 2025 web catalog,https://realleadergym.com/album-dc15060.html,48
Price_List,5,15,M3-1015,Seated Row/Rear Delt,"US$1,015",875*1479*1518mm,263lbs/119.25kg,138kg,178kg,1.5,photos/Price_List_M3-1015_p5.png,images/M3-1015 - Seated Row_Rear Delt/01 - Seated Row_Rear Delt.jpeg,Official Realleader 2025 web catalog,https://realleadergym.com/album-dc15060.html,48
Price_List,5,16,M3-1015A,Seated Row/Rear Delt,"US$1,055",788*1458*1852mm,263lbs/119.25kg,147kg,187kg,2,photos/Price_List_M3-1015A_p5.png,images/M3-1015A - Seated Row_Rear Delt/01 - Seated Row_Rear Delt.jpeg,Official Realleader 2025 web catalog,https://realleadergym.com/album-dc15060.html,49
Price_List,5,17,M3-1016,Back Extension,"US$1,026",945*1338*1518mm,293lbs/132.75kg,142kg,182kg,1.2,photos/Price_List_M3-1016_p5.png,images/M3-1016 - Back Extension/01 - Back Extension.jpeg,Official Realleader 2025 web catalog,https://realleadergym.com/album-dc15060.html,49
Price_List,5,18,M3-1017,Pec Fly/Rear Delt,US$986,1380*1227*1868mm,218lbs/99kg,170kg,210kg,1.2,photos/Price_List_M3-1017_p5.png,images/M3-1017 - Pec Fly_Rear Delt/01 - Pec Fly_Rear Delt.jpeg,Official Realleader 2025 web catalog,https://realleadergym.com/album-dc15060.html,49
Price_List,5,19,M3-1018,Seated Leg Curl,"US$1,072",1073*1067*1618mm,293lbs/132.75kg,170kg,210kg,1.3,photos/Price_List_M3-1018_p5.png,images/M3-1018 - Seated Leg Curl/01 - Seated Leg Curl.jpeg,Official Realleader 2025 web catalog,https://realleadergym.com/album-dc15060.html,50
Price_List,6,20,M3-1019,Standing Calf Raise,US$986,992*1102*1633mm,263lbs/119.25kg,123kg,163kg,1.2,photos/Price_List_M3-1019_p6.png,images/M3-1019 - Standing Calf Raise/01 - Standing Calf Raise.jpeg,Official Realleader 2025 web catalog,https://realleadergym.com/album-dc15060.html,50
Price_List,6,21,M3-1020,Chin/Dip Assist,"US$1,043",992*1921*2340mm,263lbs/119.25kg,245kg,285kg,1.6,photos/Price_List_M3-1020_p6.png,images/M3-1020 - Chin_Dip Assist/01 - Chin_Dip Assist.jpeg,Official Realleader 2025 web catalog,https://realleadergym.com/album-dc15060.html,50
Price_List,6,22,M3-1021,Rotary Torso Rotation,US$959,759*1163*1618mm,263lbs/119.25kg,137kg,177kg,1.2,photos/Price_List_M3-1021_p6.png,images/M3-1021 - Rotary Torso Rotation/01 - Rotary Torso Rotation.jpeg,Official Realleader 2025 web catalog,https://realleadergym.com/album-dc15060.html,51
Price_List,6,23,M3-1022,Glute Machine,"US$1,043",1108*1117*1518mm,174lbs/78.75kg,148kg,182kg,0.8,photos/Price_List_M3-1022_p6.png,images/M3-1022 - Glute Machine/01 - Glute Machine.jpeg,Official Realleader 2025 web catalog,https://realleadergym.com/album-dc15060.html,51
Price_List,6,24,M3-1023,Glute Machine,"US$1,297",2011*1101*1618mm,174lbs/78.75kg,220kg,260kg,1.3,photos/Price_List_M3-1023_p6.png,images/M3-1023 - Glute Machine/01 - Glute Machine.jpeg,Official Realleader 2025 web catalog,https://realleadergym.com/album-dc15060.html,51
Price_List,7,1,M2-1001,Chest Press,US$913,1343*1313*1515mm,263lbs/119.25kg,188kg,228kg,1.5,photos/Price_List_M2-1001_p7.png,images/M2-1001 - Chest Press/01 - Chest Press.jpeg,Official Realleader 2025 web catalog,https://realleadergym.com/album-dc15060.html,54
Price_List,7,2,M2-1002,Lat Raise,US$874,1140*1190*1515mm,174lbs/78.75kg,165kg,205kg,1.2,photos/Price_List_M2-1002_p7.png,images/M2-1002 - Lat Raise/01 - Lat Raise.jpeg,Official Realleader 2025 web catalog,https://realleadergym.com/album-dc15060.html,54
Price_List,7,3,M2-1003,Hip Abductor,US$874,960*1555*1515mm,218lbs/99kg,160kg,200kg,2,photos/Price_List_M2-1003_p7.png,images/M2-1003 - Hip Abductor/01 - Hip Abductor.jpeg,Official Realleader 2025 web catalog,https://realleadergym.com/album-dc15060.html,54
Price_List,7,4,M2-1004,Hip Adductor,US$874,960*1555*1515mm,218lbs/99kg,160kg,200kg,2,photos/Price_List_M2-1004_p7.png,images/M2-1004 - Hip Adductor/01 - Hip Adductor.jpeg,Official Realleader 2025 web catalog,https://realleadergym.com/album-dc15060.html,55
Price_List,7,5,M2-1005,Leg Extension,US$902,1255*1080*1615mm,293lbs/132.75kg,153kg,193kg,1.4,photos/Price_List_M2-1005_p7.png,images/M2-1005 - Leg Extension/01 - Leg Extension.jpeg,Official Realleader 2025 web catalog,https://realleadergym.com/album-dc15060.html,55
Price_List,7,6,M2-1006,Prone Leg Curl,US$846,1045*1500*1518mm,263lbs/119.25kg,132kg,172kg,1.1,photos/Price_List_M2-1006_p7.png,images/M2-1006 - Prone Leg Curl/01 - Prone Leg Curl.jpeg,Official Realleader 2025 web catalog,https://realleadergym.com/album-dc15060.html,55
Price_List,7,7,M2-1007,Seated Shoulder Press,US$854,1455*1685*1515mm,218lbs/99kg,172kg,212kg,1.6,photos/Price_List_M2-1007_p7.png,images/M2-1007 - Seated Shoulder Press/01 - Seated Shoulder Press.jpeg,Official Realleader 2025 web catalog,https://realleadergym.com/album-dc15060.html,56
Price_List,7,8,M2-1008,Abdominal Crunch,US$848,1285*1095*1515mm,218lbs/99kg,155kg,195kg,1.4,photos/Price_List_M2-1008_p7.png,images/M2-1008 - Abdominal Crunch/01 - Abdominal Crunch.jpeg,Official Realleader 2025 web catalog,https://realleadergym.com/album-dc15060.html,56
Price_List,7,,M2-1008B,前后联动 左右旋转,US$968,,,,,,photos/Price_List_M2-1008B_p7.png,images/M2-1008B - 前后联动 左右旋转/01 - 前后联动 左右旋转.png,Fallback from supplied price-list PDF (no matching image in 2025 web catalog),,
Price_List,8,9,M2-1009,Seated Leg Press,"US$1,128",1945*1010*1715mm,293lbs/132.75kg,256kg,296kg,1.9,photos/Price_List_M2-1009_p8.png,images/M2-1009 - Seated Leg Press/01 - Seated Leg Press.jpeg,Official Realleader 2025 web catalog,https://realleadergym.com/album-dc15060.html,56
Price_List,8,10,M2-1010A,Seated Biceps Curl,US$865,1200*1375*1515mm,174lbs/78.75kg,140kg,180kg,1.4,photos/Price_List_M2-1010A_p8.png,images/M2-1010A - Seated Biceps Curl/01 - Seated Biceps Curl.jpeg,Official Realleader 2025 web catalog,https://realleadergym.com/album-dc15060.html,57
Price_List,8,11,M2-1010B,Seated Biceps Curl,US$911,1176*1020*1515mm,174lbs/78.75kg,171kg,211kg,1.3,photos/Price_List_M2-1010B_p8.png,images/M2-1010B - Seated Biceps Curl/01 - Seated Biceps Curl.jpeg,Official Realleader 2025 web catalog,https://realleadergym.com/album-dc15060.html,57
Price_List,8,12,M2-1011A,Seated Triceps Extension,US$888,1660*1050*1515mm,263lbs/119.25kg,140kg,180kg,1.4,photos/Price_List_M2-1011A_p8.png,images/M2-1011A - Seated Triceps Extension/01 - Seated Triceps Extension.jpeg,Official Realleader 2025 web catalog,https://realleadergym.com/album-dc15060.html,57
Price_List,8,13,M2-1011B,Seated Triceps Extension,US$896,1020*928*1515mm,263lbs/119.25kg,165kg,205kg,1.5,photos/Price_List_M2-1011B_p8.png,images/M2-1011B - Seated Triceps Extension/01 - Seated Triceps Extension.jpeg,Official Realleader 2025 web catalog,https://realleadergym.com/album-dc15060.html,58
Price_List,8,14,M2-1012,Pectoral Machine,US$913,1650*1175*1515mm,263lbs/119.25kg,130kg,170kg,1.5,photos/Price_List_M2-1012_p8.png,images/M2-1012 - Pectoral Machine/01 - Pectoral Machine.jpeg,Official Realleader 2025 web catalog,https://realleadergym.com/album-dc15060.html,58
Price_List,8,15,M2-1013,Lat Pull Down,US$913,1970*1135*1887mm,263lbs/119.25kg,167kg,207kg,1.8,photos/Price_List_M2-1013_p8.png,images/M2-1013 - Lat Pull Down/01 - Lat Pull Down.jpeg,Official Realleader 2025 web catalog,https://realleadergym.com/album-dc15060.html,58
Price_List,8,16,M2-1013A,Lat Pull Down,US$846,1325*1255*2215mm,263lbs/119.25kg,135kg,175kg,1.1,photos/Price_List_M2-1013A_p8.png,images/M2-1013A - Lat Pull Down/01 - Lat Pull Down.jpeg,Official Realleader 2025 web catalog,https://realleadergym.com/album-dc15060.html,59
Price_List,8,17,M2-1014,Multi Hip,US$936,1180*1125*1615mm,263lbs/119.25kg,220kg,260kg,1.7,photos/Price_List_M2-1014_p8.png,images/M2-1014 - Multi Hip/01 - Multi Hip.jpeg,Official Realleader 2025 web catalog,https://realleadergym.com/album-dc15060.html,59
Price_List,8,18,M2-1015,Seated Row/Rear Delt,US$874,1480*940*1515mm,263lbs/119.25kg,140kg,180kg,1.5,photos/Price_List_M2-1015_p8.png,images/M2-1015 - Seated Row_Rear Delt/01 - Seated Row_Rear Delt.jpeg,Official Realleader 2025 web catalog,https://realleadergym.com/album-dc15060.html,59
Price_List,8,19,M2-1016,Back Extension,US$882,1340*980*1515mm,293lbs/132.75kg,147kg,187kg,1.2,photos/Price_List_M2-1016_p8.png,images/M2-1016 - Back Extension/01 - Back Extension.jpeg,Official Realleader 2025 web catalog,https://realleadergym.com/album-dc15060.html,60
Price_List,9,20,M2-1017,Pec Fly/Rear Delt,US$848,1400*1280*1850mm,218lbs/99kg,145kg,185kg,1.2,photos/Price_List_M2-1017_p9.png,images/M2-1017 - Pec Fly_Rear Delt/01 - Pec Fly_Rear Delt.jpeg,Official Realleader 2025 web catalog,https://realleadergym.com/album-dc15060.html,60
Price_List,9,21,M2-1018,Seated Low Row,US$846,1810*1185*2015mm,293lbs/132.75kg,125kg,165kg,1.1,photos/Price_List_M2-1018_p9.png,images/M2-1018 - Seated Low Row/01 - Seated Low Row.jpeg,Official Realleader 2025 web catalog,https://realleadergym.com/album-dc15060.html,60
Price_List,9,22,M2-1019,Standing Calf Raise,US$846,1108*1018*1633mm,263lbs/119.25kg,123kg,163kg,1.2,photos/Price_List_M2-1019_p9.png,images/M2-1019 - Standing Calf Raise/01 - Standing Calf Raise.jpeg,Official Realleader 2025 web catalog,https://realleadergym.com/album-dc15060.html,61
Price_List,9,23,M2-1020,Chin/Dip Assist,US$846,1278*1202*2208mm,263lbs/119.25kg,210kg,250kg,1.5,photos/Price_List_M2-1020_p9.png,images/M2-1020 - Chin_Dip Assist/01 - Chin_Dip Assist.jpeg,Official Realleader 2025 web catalog,https://realleadergym.com/album-dc15060.html,61
Price_List,9,24,M2-1021,Rotary Torso Rotation,US$817,1181*746*1615mm,263lbs/119.25kg,147kg,187kg,1.2,photos/Price_List_M2-1021_p9.png,images/M2-1021 - Rotary Torso Rotation/01 - Rotary Torso Rotation.jpeg,Official Realleader 2025 web catalog,https://realleadergym.com/album-dc15060.html,61
Price_List,9,25,M2-1022,Glute Machine,US$874,1310*1108*1595mm,174lbs/78.75kg,155kg,195kg,0.8,photos/Price_List_M2-1022_p9.png,images/M2-1022 - Glute Machine/01 - Glute Machine.jpeg,Official Realleader 2025 web catalog,https://realleadergym.com/album-dc15060.html,62
Price_List,9,26,M2-1023,Seated Leg Curl,US$964,1500*1077*1615mm,293lbs/132.75kg,160kg,200kg,1.3,photos/Price_List_M2-1023_p9.png,images/M2-1023 - Seated Leg Curl/01 - Seated Leg Curl.jpeg,Official Realleader 2025 web catalog,https://realleadergym.com/album-dc15060.html,62
Price_List,10,1,RS-1001,Bench Press,US$800,1498*1076*1778mm,/,140kg,180kg,0.9,photos/Price_List_RS-1001_p10.png,images/RS-1001 - Bench Press/01 - Bench Press.jpeg,Official Realleader 2025 web catalog,https://realleadergym.com/album-dc15060.html,71
Price_List,10,2,RS-1002,Chest/Back,US$855,1887*1764*2127mm,/,174kg,214kg,1.1,photos/Price_List_RS-1002_p10.png,images/RS-1002 - Chest_Back/01 - Chest_Back.jpeg,Official Realleader 2025 web catalog,https://realleadergym.com/album-dc15060.html,71
Price_List,10,3,RS-1003,Decline Chest Press,US$828,1710*1580*1777mm,/,170kg,210kg,1.5,photos/Price_List_RS-1003_p10.png,images/RS-1003 - Decline Chest Press/01 - Decline Chest Press.jpeg,Official Realleader 2025 web catalog,https://realleadergym.com/album-dc15060.html,71
Price_List,10,4,RS-1004,Level Row,US$800,1674*1472*2106mm,/,160kg,200kg,1.3,photos/Price_List_RS-1004_p10.png,images/RS-1004 - Level Row/01 - Level Row.jpeg,Official Realleader 2025 web catalog,https://realleadergym.com/album-dc15060.html,72
Price_List,10,5,RS-1005,Frong Lat Pulldown,US$800,1620*1400*2075mm,/,150kg,190kg,1,photos/Price_List_RS-1005_p10.png,images/RS-1005 - Frong Lat Pulldown/01 - Frong Lat Pulldown.jpeg,Official Realleader 2025 web catalog,https://realleadergym.com/album-dc15060.html,72
Price_List,10,6,RS-1006,High Row,US$828,1778*1490*2085mm,/,175kg,215kg,1.5,photos/Price_List_RS-1006_p10.png,images/RS-1006 - High Row/01 - High Row.jpeg,Official Realleader 2025 web catalog,https://realleadergym.com/album-dc15060.html,72
Price_List,10,7,RS-1007,Horizontal Bench Press,US$607,1707*1905*1195mm,/,155kg,195kg,1.1,photos/Price_List_RS-1007_p10.png,images/RS-1007 - Horizontal Bench Press/01 - Horizontal Bench Press.jpeg,Official Realleader 2025 web catalog,https://realleadergym.com/album-dc15060.html,73
Price_List,11,8,RS-1008,Incline Chest Press,US$847,1707*1400*1933mm,/,133kg,173kg,0.9,photos/Price_List_RS-1008_p11.png,images/RS-1008 - Incline Chest Press/01 - Incline Chest Press.jpeg,Official Realleader 2025 web catalog,https://realleadergym.com/album-dc15060.html,73
Price_List,11,9,RS-1009,Low Row,US$773,1646*1323*1728mm,/,135kg,175kg,1,photos/Price_List_RS-1009_p11.png,images/RS-1009 - Low Row/01 - Low Row.jpeg,Official Realleader 2025 web catalog,https://realleadergym.com/album-dc15060.html,73
Price_List,11,10,RS-1010,Sissy Squat,US$267,1486*827*540mm,/,44kg,84kg,0.6,photos/Price_List_RS-1010_p11.png,images/RS-1010 - Sissy Squat/01 - Sissy Squat.jpeg,Official Realleader 2025 web catalog,https://realleadergym.com/album-dc15060.html,74
Price_List,11,11,RS-1011,Rowing,US$745,1640*1445*1445mm,/,143kg,183kg,0.9,photos/Price_List_RS-1011_p11.png,images/RS-1011 - Rowing/01 - Rowing.jpeg,Official Realleader 2025 web catalog,https://realleadergym.com/album-dc15060.html,74
Price_List,11,12,RS-1012A,Shoulder Press,US$828,1130*1827*1921mm,/,144kg,184kg,1,photos/Price_List_RS-1012A_p11.png,images/RS-1012A - Shoulder Press/01 - Shoulder Press.jpeg,Official Realleader 2025 web catalog,https://realleadergym.com/album-dc15060.html,74
Price_List,11,13,RS-1012B,Shoulder Press,US$828,1315*1796*1335mm,/,150kg,190kg,1,photos/Price_List_RS-1012B_p11.png,images/RS-1012B - Shoulder Press/01 - Shoulder Press.jpeg,Official Realleader 2025 web catalog,https://realleadergym.com/album-dc15060.html,75
Price_List,11,14,RS-1013,Supler Incline Press,US$828,1365*1820*1550mm,/,121kg,161kg,1,photos/Price_List_RS-1013_p11.png,images/RS-1013 - Supler Incline Press/01 - Supler Incline Press.jpeg,Official Realleader 2025 web catalog,https://realleadergym.com/album-dc15060.html,75
Price_List,11,15,RS-1014,Wide Chest,US$855,1433*1680*1700mm,/,172kg,212kg,1.4,photos/Price_List_RS-1014_p11.png,images/RS-1014 - Wide Chest/01 - Wide Chest.jpeg,Official Realleader 2025 web catalog,https://realleadergym.com/album-dc15060.html,75
Price_List,11,16,RS-1015,Wide Pulldown,US$800,1808*1265*1915mm,/,154kg,194kg,1,photos/Price_List_RS-1015_p11.png,images/RS-1015 - Wide Pulldown/01 - Wide Pulldown.jpeg,Official Realleader 2025 web catalog,https://realleadergym.com/album-dc15060.html,76
Price_List,11,17,RS-1016,Lateral Raise,US$662,1230*1165*1320mm,/,110kg,150kg,0.5,photos/Price_List_RS-1016_p11.png,images/RS-1016 - Lateral Raise/01 - Lateral Raise.jpeg,Official Realleader 2025 web catalog,https://realleadergym.com/album-dc15060.html,76
Price_List,12,18,RS-1017A,Pullover,US$883,1040*1540*1510mm,/,168kg,208kg,1.2,photos/Price_List_RS-1017A_p12.png,images/RS-1017A - Pullover/01 - Pullover.png,Fallback from supplied price-list PDF (no matching image in 2025 web catalog),,
Price_List,12,19,RS-1017B,PULLOVER,US$805,,/,,,,photos/Price_List_RS-1017B_p12.png,images/RS-1017B - PULLOVER/01 - PULLOVER.png,Fallback from supplied price-list PDF (no matching image in 2025 web catalog),,
Price_List,12,20,RS-1018,Seated Biceps Curl,US$579,1265*1376*1050mm,/,108kg,148kg,0.9,photos/Price_List_RS-1018_p12.png,images/RS-1018 - Seated Biceps Curl/01 - Seated Biceps Curl.jpeg,Official Realleader 2025 web catalog,https://realleadergym.com/album-dc15060.html,77
Price_List,12,21,RS-1019,Standing Calf Raise,US$552,1105*1080*1755mm,/,105kg,145kg,0.6,photos/Price_List_RS-1019_p12.png,images/RS-1019 - Standing Calf Raise/01 - Standing Calf Raise.jpeg,Official Realleader 2025 web catalog,https://realleadergym.com/album-dc15060.html,77
Price_List,12,22,RS-1020,Standing Calf Raise,US$657,1305*1272*1765mm,/,147kg,187kg,0.9,photos/Price_List_RS-1020_p12.png,images/RS-1020 - Standing Calf Raise/01 - Standing Calf Raise.jpeg,Official Realleader 2025 web catalog,https://realleadergym.com/album-dc15060.html,77
Price_List,12,23,RS-1021,Prone Leg Curl,US$563,1488*1550*910mm,/,68kg,108kg,0.9,photos/Price_List_RS-1021_p12.png,images/RS-1021 - Prone Leg Curl/01 - Prone Leg Curl.jpeg,Official Realleader 2025 web catalog,https://realleadergym.com/album-dc15060.html,78
Price_List,12,24,RS-1022,Seated Leg Extension,US$717,1664*1745*1215mm,/,134kg,174kg,0.7,photos/Price_List_RS-1022_p12.png,images/RS-1022 - Seated Leg Extension/01 - Seated Leg Extension.jpeg,Official Realleader 2025 web catalog,https://realleadergym.com/album-dc15060.html,78
Price_List,12,25,RS-1023,Leg Press,US$938,1335*1895*1475mm,/,194kg,234kg,1.2,photos/Price_List_RS-1023_p12.png,images/RS-1023 - Leg Press/01 - Leg Press.jpeg,Official Realleader 2025 web catalog,https://realleadergym.com/album-dc15060.html,78
Price_List,12,26,RS-1024,Leg Extension,US$717,1556*1922*1160mm,/,113kg,153kg,1.5,photos/Price_List_RS-1024_p12.png,images/RS-1024 - Leg Extension/01 - Leg Extension.jpeg,Official Realleader 2025 web catalog,https://realleadergym.com/album-dc15060.html,79
Price_List,12,27,RS-1025,Super Horizontal Calf,US$745,1430*1600*1377mm,/,144kg,184kg,1.5,photos/Price_List_RS-1025_p12.png,images/RS-1025 - Super Horizontal Calf/01 - Super Horizontal Calf.jpeg,Official Realleader 2025 web catalog,https://realleadergym.com/album-dc15060.html,79
Price_List,13,28,RS-1026,V-Squat,US$938,1540*1525*2165mm,/,130kg,170kg,2.1,photos/Price_List_RS-1026_p13.png,images/RS-1026 - V-Squat/01 - V-Squat.jpeg,Official Realleader 2025 web catalog,https://realleadergym.com/album-dc15060.html,79
Price_List,13,29,RS-1027C,Smith Machine with Power Rack (Counter Balance),"US$1,711",2265*1695*2285mm,/,185kg,225kg,2.1,photos/Price_List_RS-1027C_p13.png,images/RS-1027C - Smith Machine with Power Rack (Counter Balance)/01 - Smith Machine with Power Rack (Counter Balance).png,Fallback from supplied price-list PDF (no matching image in 2025 web catalog),,
Price_List,13,30,RS-1028,Squat & Lunge,US$579,1347*1636*1000mm,/,97kg,137kg,0.6,photos/Price_List_RS-1028_p13.png,images/RS-1028 - Squat & Lunge/01 - Squat & Lunge.jpeg,Official Realleader 2025 web catalog,https://realleadergym.com/album-dc15060.html,80
Price_List,13,31,RS-1029,Leg Press,"US$1,021",2212*1713*1490mm,/,216kg,256kg,1.7,photos/Price_List_RS-1029_p13.png,images/RS-1029 - Leg Press/01 - Leg Press.jpeg,Official Realleader 2025 web catalog,https://realleadergym.com/album-dc15060.html,80
Price_List,13,32,RS-1030,Kneeling Leg Curl,US$670,1632*1040*1360mm,/,148kg,188kg,0.8,photos/Price_List_RS-1030_p13.png,images/RS-1030 - Kneeling Leg Curl/01 - Kneeling Leg Curl.jpeg,Official Realleader 2025 web catalog,https://realleadergym.com/album-dc15060.html,81
Price_List,13,33,RS-1031,Triceps Extension,US$635,1471*1510*965mm,/,108kg,148kg,0.7,photos/Price_List_RS-1031_p13.png,images/RS-1031 - Triceps Extension/01 - Triceps Extension.jpeg,Official Realleader 2025 web catalog,https://realleadergym.com/album-dc15060.html,81
Price_List,13,34,RS-1032,Seated Standing Shrug,US$690,1300*1501*1100mm,/,100kg,140kg,0.7,photos/Price_List_RS-1032_p13.png,images/RS-1032 - Seated Standing Shrug/01 - Seated Standing Shrug.jpeg,Official Realleader 2025 web catalog,https://realleadergym.com/album-dc15060.html,81
Price_List,13,35,RS-1033,Hack Squat,"US$1,076",2450*1410*1180mm,/,135kg,175kg,1.4,photos/Price_List_RS-1033_p13.png,images/RS-1033 - Hack Squat/01 - Hack Squat.jpeg,Official Realleader 2025 web catalog,https://realleadergym.com/album-dc15060.html,82
Price_List,13,36,RS-1034,Tibia Dorsal Flextion,US$124,395*1175*400mm,/,20kg,60kg,0.2,photos/Price_List_RS-1034_p13.png,images/RS-1034 - Tibia Dorsal Flextion/01 - Tibia Dorsal Flextion.jpeg,Official Realleader 2025 web catalog,https://realleadergym.com/album-dc15060.html,82
Price_List,13,37,RS-1035,Both Way Squats,US$993,1940*1550*1565mm,/,190kg,230kg,1.6,photos/Price_List_RS-1035_p13.png,images/RS-1035 - Both Way Squats/01 - Both Way Squats.jpeg,Official Realleader 2025 web catalog,https://realleadergym.com/album-dc15060.html,82
Price_List,14,38,RS-1036,Foream Tension,US$262,1232*625*980mm,/,32kg,72kg,0.4,photos/Price_List_RS-1036_p14.png,images/RS-1036 - Foream Tension/01 - Foream Tension.jpeg,Official Realleader 2025 web catalog,https://realleadergym.com/album-dc15060.html,83
Price_List,14,39,RS-1037,Abdominal Crunch,US$717,1450*1300*1625mm,/,103kg,143kg,0.7,photos/Price_List_RS-1037_p14.png,images/RS-1037 - Abdominal Crunch/01 - Abdominal Crunch.jpeg,Official Realleader 2025 web catalog,https://realleadergym.com/album-dc15060.html,83
Price_List,14,40,RS-1038,Abductor,US$800,1810*1827*1285mm,/,112kg,152kg,0.7,photos/Price_List_RS-1038_p14.png,images/RS-1038 - Abductor/01 - Abductor.jpeg,Official Realleader 2025 web catalog,https://realleadergym.com/album-dc15060.html,83
Price_List,14,41,RS-1039,Vertical Leg Press,"US$1,352",1810*1700*2155mm,/,260kg,300kg,1.8,photos/Price_List_RS-1039_p14.png,images/RS-1039 - Vertical Leg Press/01 - Vertical Leg Press.jpeg,Official Realleader 2025 web catalog,https://realleadergym.com/album-dc15060.html,84
Price_List,14,42,RS-1040,4-Way neck,US$662,995*1575*1635mm,/,139kg,179kg,0.7,photos/Price_List_RS-1040_p14.png,images/RS-1040 - 4-Way neck/01 - 4-Way neck.jpeg,Official Realleader 2025 web catalog,https://realleadergym.com/album-dc15060.html,84
Price_List,14,43,RS-1041,Olympic Mulitary Bench,US$579,1640*1290*1705mm,/,120kg,160kg,0.6,photos/Price_List_RS-1041_p14.png,images/RS-1041 - Olympic Mulitary Bench/01 - Olympic Mulitary Bench.jpeg,Official Realleader 2025 web catalog,https://realleadergym.com/album-dc15060.html,84
Price_List,14,44,RS-1042,Chin Up&Dip,US$662,1395*1160*2265mm,/,109kg,149kg,0.9,photos/Price_List_RS-1042_p14.png,images/RS-1042 - Chin Up&Dip/01 - Chin Up&Dip.jpeg,Official Realleader 2025 web catalog,https://realleadergym.com/album-dc15060.html,85
Price_List,14,45,RS-1043,Olympic Power Rack,US$717,1545*1853*2400mm,/,162kg,202kg,0.6,photos/Price_List_RS-1043_p14.png,images/RS-1043 - Olympic Power Rack/01 - Olympic Power Rack.jpeg,Official Realleader 2025 web catalog,https://realleadergym.com/album-dc15060.html,85
Price_List,14,46,RS-1044,Half Rack,US$745,1455*1650*2370mm,/,137kg,177kg,0.7,photos/Price_List_RS-1044_p14.png,images/RS-1044 - Half Rack/01 - Half Rack.jpeg,Official Realleader 2025 web catalog,https://realleadergym.com/album-dc15060.html,85
Price_List,14,47,RS-1045,Power Cage,US$690,1270*1315*2365mm,/,157kg,197kg,1.3,photos/Price_List_RS-1045_p14.png,images/RS-1045 - Power Cage/01 - Power Cage.jpeg,Official Realleader 2025 web catalog,https://realleadergym.com/album-dc15060.html,86
Price_List,15,48,RS-1046,POWER CAGE,US$911,,/,,,,photos/Price_List_RS-1046_p15.png,images/RS-1046 - POWER CAGE/01 - POWER CAGE.png,Fallback from supplied price-list PDF (no matching image in 2025 web catalog),,
Price_List,15,49,RS-1047,Multi Function Power Cage,"US$1,049",1735*2200*2355mm,/,191kg,231kg,0.9,photos/Price_List_RS-1047_p15.png,images/RS-1047 - Multi Function Power Cage/01 - Multi Function Power Cage.jpeg,Official Realleader 2025 web catalog,https://realleadergym.com/album-dc15060.html,86
Price_List,15,50,RS-1047B,MULTI FUNCTION POWER CAGE,"US$1,152",,/,,,,photos/Price_List_RS-1047B_p15.png,images/RS-1047B - MULTI FUNCTION POWER CAGE/01 - MULTI FUNCTION POWER CAGE.png,Fallback from supplied price-list PDF (no matching image in 2025 web catalog),,
Price_List,15,51,RS-1048,Pectoral Machine,US$607,1515*1443*1015mm,/,80kg,120kg,0.9,photos/Price_List_RS-1048_p15.png,images/RS-1048 - Pectoral Machine/01 - Pectoral Machine.jpeg,Official Realleader 2025 web catalog,https://realleadergym.com/album-dc15060.html,86
Price_List,15,52,RS-1049A,Buttocks Bridge,US$607,1600*1520*800mm,/,95kg,135kg,0.8,photos/Price_List_RS-1049A_p15.png,images/RS-1049A - Buttocks Bridge/01 - Buttocks Bridge.jpeg,Official Realleader 2025 web catalog,https://realleadergym.com/album-dc15060.html,87
Price_List,15,53,RS-1050,Standing Lateral Raise,US$800,2000*824*1655mm,/,175kg,215kg,0.8,photos/Price_List_RS-1050_p15.png,images/RS-1050 - Standing Lateral Raise/01 - Standing Lateral Raise.jpeg,Official Realleader 2025 web catalog,https://realleadergym.com/album-dc15060.html,87
Price_List,16,1,LD-1001,Chest Press,"US$1,309",1350*1550*1830mm,/,153kg,193kg,1.2,photos/Price_List_LD-1001_p16.png,images/LD-1001 - Chest Press/01 - Chest Press.jpeg,Official Realleader 2025 web catalog,https://realleadergym.com/album-dc15060.html,24
Price_List,16,2,LD-1002,Horizontal Bench Press,"US$1,440",1880*1950*850mm,/,165kg,205kg,1,photos/Price_List_LD-1002_p16.png,images/LD-1002 - Horizontal Bench Press/01 - Horizontal Bench Press.jpeg,Official Realleader 2025 web catalog,https://realleadergym.com/album-dc15060.html,24
Price_List,16,3,LD-1003,Shoulder Press,"US$1,362",1650*1600*1435mm,/,210kg,250kg,1.2,photos/Price_List_LD-1003_p16.png,images/LD-1003 - Shoulder Press/01 - Shoulder Press.jpeg,Official Realleader 2025 web catalog,https://realleadergym.com/album-dc15060.html,24
Price_List,16,4,LD-1004,Lateral Raise /Rear Deltoid,"US$1,056",2100*810*1710mm,/,160kg,200kg,0.8,photos/Price_List_LD-1004_p16.png,images/LD-1004 - Lateral Raise _Rear Deltoid/01 - Lateral Raise _Rear Deltoid.jpeg,Official Realleader 2025 web catalog,https://realleadergym.com/album-dc15060.html,25
Price_List,16,5,LD-1005,Seated Biceps Curl,US$776,1100*1420*1060mm,/,128kg,168kg,1.1,photos/Price_List_LD-1005_p16.png,images/LD-1005 - Seated Biceps Curl/01 - Seated Biceps Curl.jpeg,Official Realleader 2025 web catalog,https://realleadergym.com/album-dc15060.html,25
Price_List,16,6,LD-1006,High Row,"US$1,349",2000*900*2050mm,/,196kg,236kg,1.6,photos/Price_List_LD-1006_p16.png,images/LD-1006 - High Row/01 - High Row.jpeg,Official Realleader 2025 web catalog,https://realleadergym.com/album-dc15060.html,26
Price_List,16,7,LD-1007,Dual Bench Smith Machine,"US$1,193",2209*1867*1440mm,/,200kg,240kg,0.9,photos/Price_List_LD-1007_p16.png,images/LD-1007 - Dual Bench Smith Machine/01 - Dual Bench Smith Machine.jpeg,Official Realleader 2025 web catalog,https://realleadergym.com/album-dc15060.html,26
Price_List,16,8,LD-1008,Dual Tower Smith Machine,"US$1,314",2095*1939*2055mm,/,260kg,300kg,1.4,photos/Price_List_LD-1008_p16.png,images/LD-1008 - Dual Tower Smith Machine/01 - Dual Tower Smith Machine.jpeg,Official Realleader 2025 web catalog,https://realleadergym.com/album-dc15060.html,26
Price_List,16,9,LD-1009,Rowing,"US$1,183",1643*1571*1361mm,/,199kg,239kg,1.8,photos/Price_List_LD-1009_p16.png,images/LD-1009 - Rowing/01 - Rowing.jpeg,Official Realleader 2025 web catalog,https://realleadergym.com/album-dc15060.html,27
Price_List,17,10,LD-1010,Wide Chest,"US$1,296",1620*1465*1738mm,/,260kg,300kg,1.6,photos/Price_List_LD-1010_p17.png,images/LD-1010 - Wide Chest/01 - Wide Chest.jpeg,Official Realleader 2025 web catalog,https://realleadergym.com/album-dc15060.html,27
Price_List,17,11,LD-1011,Level Row,"US$1,140",1786*1435*1956mm,/,235kg,275kg,1.8,photos/Price_List_LD-1011_p17.png,images/LD-1011 - Level Row/01 - Level Row.jpeg,Official Realleader 2025 web catalog,https://realleadergym.com/album-dc15060.html,27
Price_List,17,12,LD-1012,Front Lat Pulldwon,"US$1,108",1620*1775*2090mm,/,217kg,257kg,1,photos/Price_List_LD-1012_p17.png,images/LD-1012 - Front Lat Pulldwon/01 - Front Lat Pulldwon.jpeg,Official Realleader 2025 web catalog,https://realleadergym.com/album-dc15060.html,28
Price_List,17,13,LD-1013,Pectoral Fly,US$889,1475*1445*1045mm,/,130kg,170kg,0.9,photos/Price_List_LD-1013_p17.png,images/LD-1013 - Pectoral Fly/01 - Pectoral Fly.jpeg,Official Realleader 2025 web catalog,https://realleadergym.com/album-dc15060.html,28
Price_List,17,14,LD-1014,Low Row,"US$1,193",1485*1850*1751mm,/,185kg,225kg,1.7,photos/Price_List_LD-1014_p17.png,images/LD-1014 - Low Row/01 - Low Row.jpeg,Official Realleader 2025 web catalog,https://realleadergym.com/album-dc15060.html,28
Price_List,17,15,LD-1015,Incline Chest Press,"US$1,483",1350*1550*1830mm,/,255kg,295kg,1.3,photos/Price_List_LD-1015_p17.png,images/LD-1015 - Incline Chest Press/01 - Incline Chest Press.jpeg,Official Realleader 2025 web catalog,https://realleadergym.com/album-dc15060.html,29
Price_List,17,16,LD-1016,Leader Triceps Extension,"US$1,530",2065*1625*1075mm,/,233kg,273kg,1.7,photos/Price_List_LD-1016_p17.png,images/LD-1016 - Leader Triceps Extension/01 - Leader Triceps Extension.jpeg,Official Realleader 2025 web catalog,https://realleadergym.com/album-dc15060.html,25
Price_List,17,17,LD-1018,lat Pulldown,"US$2,028",1454*1424*2113mm,/,152kg,192kg,1.7,photos/Price_List_LD-1018_p17.png,images/LD-1018 - lat Pulldown/01 - lat Pulldown.png,Fallback from supplied price-list PDF (no matching image in 2025 web catalog),,
Price_List,17,18,LD-1019,Recline triceps machine,"US$1,062",1446*1208*1142mm,/,187kg,207kg,1.3,photos/Price_List_LD-1019_p17.png,images/LD-1019 - Recline triceps machine/01 - Recline triceps machine.png,Fallback from supplied price-list PDF (no matching image in 2025 web catalog),,
Price_List,17,19,LD-1021,T-Bar Row / new model,"US$2,040",1825*802*1355mm,/,,,,photos/Price_List_LD-1021_p17.png,images/LD-1021 - T-Bar Row _ new model/01 - T-Bar Row _ new model.png,Fallback from supplied price-list PDF (no matching image in 2025 web catalog),,
Price_List,18,20,LD-2001,Leg Extension,US$961,1550*1900*1200mm,/,152kg,192kg,1.7,photos/Price_List_LD-2001_p18.png,images/LD-2001 - Leg Extension/01 - Leg Extension.jpeg,Official Realleader 2025 web catalog,https://realleadergym.com/album-dc15060.html,29
Price_List,18,21,LD-2002,Kneeling Leg Curl,US$898,1200*1650*1350mm,/,141kg,181kg,1.1,photos/Price_List_LD-2002_p18.png,images/LD-2002 - Kneeling Leg Curl/01 - Kneeling Leg Curl.jpeg,Official Realleader 2025 web catalog,https://realleadergym.com/album-dc15060.html,29
Price_List,18,22,LD-2003,Both Way Squat,"US$1,320",1905*1520*1610mm,/,205kg,245kg,1.2,photos/Price_List_LD-2003_p18.png,images/LD-2003 - Both Way Squat/01 - Both Way Squat.jpeg,Official Realleader 2025 web catalog,https://realleadergym.com/album-dc15060.html,30
Price_List,18,23,LD-2004,Belt Squat,"US$1,320",1580*1650*1680mm,/,240kg,280kg,1.3,photos/Price_List_LD-2004_p18.png,images/LD-2004 - Belt Squat/01 - Belt Squat.jpeg,Official Realleader 2025 web catalog,https://realleadergym.com/album-dc15060.html,30
Price_List,18,24,LD-2004B,BELT SQUAT,"US$1,320",,/,,,,photos/Price_List_LD-2004B_p18.png,images/LD-2004B - BELT SQUAT/01 - BELT SQUAT.png,Fallback from supplied price-list PDF (no matching image in 2025 web catalog),,
Price_List,18,25,LD-2005,Buttocks Bridge,US$977,1635*1800*800mm,/,186kg,226kg,1,photos/Price_List_LD-2005_p18.png,images/LD-2005 - Buttocks Bridge/01 - Buttocks Bridge.jpeg,Official Realleader 2025 web catalog,https://realleadergym.com/album-dc15060.html,30
Price_List,18,26,LD-2006,Pendulum Squat,US$982,2003*890*1835mm,/,223kg,263kg,1.3,photos/Price_List_LD-2006_p18.png,images/LD-2006 - Pendulum Squat/01 - Pendulum Squat.jpeg,Official Realleader 2025 web catalog,https://realleadergym.com/album-dc15060.html,31
Price_List,18,27,LD-2007,Glute Machine,US$900,2022*1543*1101mm,/,146kg,186kg,1,photos/Price_List_LD-2007_p18.png,images/LD-2007 - Glute Machine/01 - Glute Machine.jpeg,Official Realleader 2025 web catalog,https://realleadergym.com/album-dc15060.html,31
Price_List,18,28,LD-2008,Glute Machine,US$599,1330*1120*1580mm,/,160kg,200kg,0.8,photos/Price_List_LD-2008_p18.png,images/LD-2008 - Glute Machine/01 - Glute Machine.jpeg,Official Realleader 2025 web catalog,https://realleadergym.com/album-dc15060.html,31
Price_List,18,29,LD-2009,Abductor,"US$1,212",1865*1052*1589mm,/,145kg,185kg,0.7,photos/Price_List_LD-2009_p18.png,images/LD-2009 - Abductor/01 - Abductor.jpeg,Official Realleader 2025 web catalog,https://realleadergym.com/album-dc15060.html,32
Price_List,18,30,LD-2010,LEADER ADDUCTOR,"US$1,212",1778*1134*1683mm,/,145kg,170kg,,photos/Price_List_LD-2010_p18.png,images/LD-2010 - LEADER ADDUCTOR/01 - LEADER ADDUCTOR.png,Fallback from supplied price-list PDF (no matching image in 2025 web catalog),,
Price_List,19,31,LD-2011,Leg Press,"US$3,360",2650*1600*1560mm,/,539,579,4.5,photos/Price_List_LD-2011_p19.png,images/LD-2011 - Leg Press/01 - Leg Press.jpeg,Official Realleader 2025 web catalog,https://realleadergym.com/album-dc15060.html,32
Price_List,20,1,FM-1001,Dual Adjustable Pulley,"US$1,294",1840*1350*2490mm,437lbs/198kg,208kg,248kg,1.6,photos/Price_List_FM-1001_p20.png,images/FM-1001 - Dual Adjustable Pulley/01 - Dual Adjustable Pulley.jpeg,Official Realleader 2025 web catalog,https://realleadergym.com/album-dc15060.html,90
Price_List,20,2,FM-1002,Dual Adjustable Pulley,"US$1,584",1840*1350*2490mm,526lbs/238.5kg,228kg,268kg,1.6,photos/Price_List_FM-1002_p20.png,images/FM-1002 - Dual Adjustable Pulley/01 - Dual Adjustable Pulley.jpeg,Official Realleader 2025 web catalog,https://realleadergym.com/album-dc15060.html,90
Price_List,20,3,FM-1005,Multi Jungle 4-Stack,"US$2,059",3405*1675*2330mm,918lbs/416.25kg,289kg,329kg,2.4,photos/Price_List_FM-1005_p20.png,images/FM-1005 - Multi Jungle 4-Stack/01 - Multi Jungle 4-Stack.jpeg,Official Realleader 2025 web catalog,https://realleadergym.com/album-dc15060.html,90
Price_List,20,4,FM-1006,Multi Jungle 5-Stack,"US$2,904",3405*4710*2330mm,1136lbs/515.25kg,398kg,438kg,3.1,photos/Price_List_FM-1006_p20.png,images/FM-1006 - Multi Jungle 5-Stack/01 - Multi Jungle 5-Stack.jpeg,Official Realleader 2025 web catalog,https://realleadergym.com/album-dc15060.html,91
Price_List,20,5,FM-1007,Multi Jungle 8-Stack,"US$4,435",3405*5200*2330mm,1835lbs/832.5kg,710kg,750kg,1.6,photos/Price_List_FM-1007_p20.png,images/FM-1007 - Multi Jungle 8-Stack/01 - Multi Jungle 8-Stack.jpeg,Official Realleader 2025 web catalog,https://realleadergym.com/album-dc15060.html,91
Price_List,20,6,FM-1008,Cable Crossover,"US$1,230",4390*1066*2330mm,437lbs/198kg,586kg,626kg,1.2,photos/Price_List_FM-1008_p20.png,images/FM-1008 - Cable Crossover/01 - Cable Crossover.jpeg,Official Realleader 2025 web catalog,https://realleadergym.com/album-dc15060.html,91
Price_List,20,7,FM-1009,Smith Machine (counter balance),"US$1,212",2266*1380*2330mm,/,242kg,282kg,2.1,photos/Price_List_FM-1009_p20.png,images/FM-1009 - Smith Machine (counter balance)/01 - Smith Machine (counter balance).jpeg,Official Realleader 2025 web catalog,https://realleadergym.com/album-dc15060.html,92
Price_List,20,8,FM-1024D,45-Degree Leg Press (transmit by bearing),"US$1,162",2268*1585*1630mm,/,268kg,308kg,1.3,photos/Price_List_FM-1024D_p20.png,images/FM-1024D - 45-Degree Leg Press (transmit by bearing)/01 - 45-Degree Leg Press (transmit by bearing).jpeg,Official Realleader 2025 web catalog,https://realleadergym.com/album-dc15060.html,92
Price_List,20,9,FM-1024E,Hack Squat (transmit by bearing),"US$1,076",1792*1425*1425mm,/,204kg,244kg,1.3,photos/Price_List_FM-1024E_p20.png,images/FM-1024E - Hack Squat (transmit by bearing)/01 - Hack Squat (transmit by bearing).jpeg,Official Realleader 2025 web catalog,https://realleadergym.com/album-dc15060.html,92
Price_List,21,10,FM-1024F,Hack Squat (transmit by bearing),"US$1,116",1935*2217*1125mm,/,215kg,255kg,1.2,photos/Price_List_FM-1024F_p21.png,images/FM-1024F - Hack Squat (transmit by bearing)/01 - Hack Squat (transmit by bearing).jpeg,Official Realleader 2025 web catalog,https://realleadergym.com/album-dc15060.html,93
Price_List,21,11,FM-2001,Dual Adjustable Pulley,"US$1,148",1785*1285*2510mm,437lbs/198kg,180kg,220kg,1.6,photos/Price_List_FM-2001_p21.png,images/FM-2001 - Dual Adjustable Pulley/01 - Dual Adjustable Pulley.jpeg,Official Realleader 2025 web catalog,https://realleadergym.com/album-dc15060.html,93
Price_List,21,13,FM-2003,Cable Crossover,"US$1,199",4275*1019*2321mm,437lbs/198kg,210kg,250kg,2.3,photos/Price_List_FM-2003_p21.png,images/FM-2003 - Cable Crossover/01 - Cable Crossover.jpeg,Official Realleader 2025 web catalog,https://realleadergym.com/album-dc15060.html,93
Price_List,21,14,FM-2003A,Cable Crossover,"US$1,225",4275*1019*2321mm,437lbs/198kg,220kg,260kg,2.3,photos/Price_List_FM-2003A_p21.png,images/FM-2003A - Cable Crossover/01 - Cable Crossover.jpeg,Official Realleader 2025 web catalog,https://realleadergym.com/album-dc15060.html,94
Price_List,21,15,FM-2004,Multi Jungle 4-Stack,"US$1,964",3355*1418*2328mm,918lbs/416.25kg,270kg,310kg,2.4,photos/Price_List_FM-2004_p21.png,images/FM-2004 - Multi Jungle 4-Stack/01 - Multi Jungle 4-Stack.jpeg,Official Realleader 2025 web catalog,https://realleadergym.com/album-dc15060.html,94
Price_List,21,16,FM-2005,Multi Jungle 5-Stack,"US$2,550",4703*3219*2328mm,1136lbs/515.25kg,385kg,425kg,3.1,photos/Price_List_FM-2005_p21.png,images/FM-2005 - Multi Jungle 5-Stack/01 - Multi Jungle 5-Stack.jpeg,Official Realleader 2025 web catalog,https://realleadergym.com/album-dc15060.html,94
Price_List,21,17,FM-2006,Multi Jungle 8-Stack,"US$4,108",4965*3344*2328mm,1835lbs/832.5kg,700kg,740kg,4.8,photos/Price_List_FM-2006_p21.png,images/FM-2006 - Multi Jungle 8-Stack/01 - Multi Jungle 8-Stack.jpeg,Official Realleader 2025 web catalog,https://realleadergym.com/album-dc15060.html,95
Price_List,21,18,FM-2007,Smith Machine (counter balance),"US$1,193",2267*1155*2325mm,/,236kg,276kg,2.1,photos/Price_List_FM-2007_p21.png,images/FM-2007 - Smith Machine (counter balance)/01 - Smith Machine (counter balance).jpeg,Official Realleader 2025 web catalog,https://realleadergym.com/album-dc15060.html,95
Price_List,21,19,FM-2008,TRX Multi-functional,US$570,5610*2020*2320mm,/,66kg,106kg,0.8,photos/Price_List_FM-2008_p21.png,images/FM-2008 - TRX Multi-functional/01 - TRX Multi-functional.jpeg,Official Realleader 2025 web catalog,https://realleadergym.com/album-dc15060.html,95
Price_List,22,1,FW-1001,Olympic Flat Bench,US$284,1610*1728*1263mm,/,80kg,120kg,0.6,photos/Price_List_FW-1001_p22.png,images/FW-1001 - Olympic Flat Bench/01 - Olympic Flat Bench.jpeg,Official Realleader 2025 web catalog,https://realleadergym.com/album-dc15060.html,98
Price_List,22,2,FW-1002,Olympic Incline Bench,US$293,1636*1995*1483mm,/,105kg,145kg,0.6,photos/Price_List_FW-1002_p22.png,images/FW-1002 - Olympic Incline Bench/01 - Olympic Incline Bench.jpeg,Official Realleader 2025 web catalog,https://realleadergym.com/album-dc15060.html,98
Price_List,22,3,FW-1003,Olympic Decline Bench,US$306,1636*2135*1333mm,/,91kg,131kg,0.7,photos/Price_List_FW-1003_p22.png,images/FW-1003 - Olympic Decline Bench/01 - Olympic Decline Bench.jpeg,Official Realleader 2025 web catalog,https://realleadergym.com/album-dc15060.html,98
Price_List,22,4,FW-1004,Seated Arm Curl,US$266,796*1322*1031mm,/,90kg,130kg,0.6,photos/Price_List_FW-1004_p22.png,images/FW-1004 - Seated Arm Curl/01 - Seated Arm Curl.jpeg,Official Realleader 2025 web catalog,https://realleadergym.com/album-dc15060.html,98
Price_List,22,5,FW-1005,T-Bar Row,US$211,2630*987*680mm,/,73kg,113kg,1.5,photos/Price_List_FW-1005_p22.png,images/FW-1005 - T-Bar Row/01 - T-Bar Row.jpeg,Official Realleader 2025 web catalog,https://realleadergym.com/album-dc15060.html,98
Price_List,22,6,FW-1006,Hyperxtension,US$266,1500*858*883mm,/,73kg,113kg,0.3,photos/Price_List_FW-1006_p22.png,images/FW-1006 - Hyperxtension/01 - Hyperxtension.jpeg,Official Realleader 2025 web catalog,https://realleadergym.com/album-dc15060.html,98
Price_List,22,7,FW-1007,Assist Abdominal Bench,US$269,1686*798*1139mm,/,60kg,100kg,0.9,photos/Price_List_FW-1007_p22.png,images/FW-1007 - Assist Abdominal Bench/01 - Assist Abdominal Bench.jpeg,Official Realleader 2025 web catalog,https://realleadergym.com/album-dc15060.html,98
Price_List,22,8,FW-1008,75-Degree Bench,US$137,1280*708*1037mm,/,33kg,73kg,0.4,photos/Price_List_FW-1008_p22.png,images/FW-1008 - 75-Degree Bench/01 - 75-Degree Bench.jpeg,Official Realleader 2025 web catalog,https://realleadergym.com/album-dc15060.html,98
Price_List,23,9,FW-1009,Flat Bench,US$110,1258*700*451mm,/,23kg,63kg,0.2,photos/Price_List_FW-1009_p23.png,images/FW-1009 - Flat Bench/01 - Flat Bench.jpeg,Official Realleader 2025 web catalog,https://realleadergym.com/album-dc15060.html,99
Price_List,23,10,FW-1010,55-Degree Bench,US$124,657*1086*1015mm,/,21kg,61kg,0.5,photos/Price_List_FW-1010_p23.png,images/FW-1010 - 55-Degree Bench/01 - 55-Degree Bench.jpeg,Official Realleader 2025 web catalog,https://realleadergym.com/album-dc15060.html,99
Price_List,23,11,FW-1011,LYING T-BAR ROW,US$322,,,,,,photos/Price_List_FW-1011_p23.png,images/FW-1011 - LYING T-BAR ROW/01 - LYING T-BAR ROW.jpeg,Official Realleader 2025 web catalog,https://realleadergym.com/album-dc15060.html,99
Price_List,23,12,FW-1012,Adjustable Abdominal,US$224,882*1454*1002mm,/,40kg,80kg,0.7,photos/Price_List_FW-1012_p23.png,images/FW-1012 - Adjustable Abdominal/01 - Adjustable Abdominal.jpeg,Official Realleader 2025 web catalog,https://realleadergym.com/album-dc15060.html,99
Price_List,23,13,FW-1013,Adjustable Bench,US$214,740*1196*976mm,/,43kg,83kg,0.6,photos/Price_List_FW-1013_p23.png,images/FW-1013 - Adjustable Bench/01 - Adjustable Bench.jpeg,Official Realleader 2025 web catalog,https://realleadergym.com/album-dc15060.html,99
Price_List,23,14,FW-1013A,Adjustable Bench,US$280,740*1196*1123mm,/,54kg,94kg,0.6,photos/Price_List_FW-1013A_p23.png,images/FW-1013A - Adjustable Bench/01 - Adjustable Bench.jpeg,Official Realleader 2025 web catalog,https://realleadergym.com/album-dc15060.html,99
Price_List,23,15,FW-1014,Barbell Rack,US$174,735*883*1269mm,/,65kg,105kg,0.3,photos/Price_List_FW-1014_p23.png,images/FW-1014 - Barbell Rack/01 - Barbell Rack.jpeg,Official Realleader 2025 web catalog,https://realleadergym.com/album-dc15060.html,99
Price_List,23,16,FW-1015,Dumbbell Rack- Double,US$251,2306*587*812mm,/,69kg,109kg,0.3,photos/Price_List_FW-1015_p23.png,images/FW-1015 - Dumbbell Rack- Double/01 - Dumbbell Rack- Double.jpeg,Official Realleader 2025 web catalog,https://realleadergym.com/album-dc15060.html,99
Price_List,23,17,FW-1016,Plate Rack,US$150,798*798*765mm,/,19kg,59kg,0.6,photos/Price_List_FW-1016_p23.png,images/FW-1016 - Plate Rack/01 - Plate Rack.jpeg,Official Realleader 2025 web catalog,https://realleadergym.com/album-dc15060.html,100
Price_List,23,18,FW-1017,Seated Calf Raise,US$280,887*1316*1020mm,/,74kg,114kg,0.4,photos/Price_List_FW-1017_p23.png,images/FW-1017 - Seated Calf Raise/01 - Seated Calf Raise.jpeg,Official Realleader 2025 web catalog,https://realleadergym.com/album-dc15060.html,100
Price_List,24,19,FW-1018,Squat Rack,US$295,1600*1552*1756mm,/,100kg,140kg,0.9,photos/Price_List_FW-1018_p24.png,images/FW-1018 - Squat Rack/01 - Squat Rack.jpeg,Official Realleader 2025 web catalog,https://realleadergym.com/album-dc15060.html,100
Price_List,24,20,FW-1019,30-DEGREE BENCH,US$134,707*1222*875mm,/,24kg,64kg,0.4,photos/Price_List_FW-1019_p24.png,images/FW-1019 - 30-DEGREE BENCH/01 - 30-DEGREE BENCH.jpeg,Official Realleader 2025 web catalog,https://realleadergym.com/album-dc15060.html,100
Price_List,24,21,FW-1020,PLATE RACK,US$100,,,,,,photos/Price_List_FW-1020_p24.png,images/FW-1020 - PLATE RACK/01 - PLATE RACK.png,Fallback from supplied price-list PDF (no matching image in 2025 web catalog),,
Price_List,24,22,FW-1021,ABDOMINAL ROLLER,US$271,,,,,,photos/Price_List_FW-1021_p24.png,images/FW-1021 - ABDOMINAL ROLLER/01 - ABDOMINAL ROLLER.png,Fallback from supplied price-list PDF (no matching image in 2025 web catalog),,
Price_List,24,23,FW-1022,STRETCH MACHINE,US$174,,,,,,photos/Price_List_FW-1022_p24.png,images/FW-1022 - STRETCH MACHINE/01 - STRETCH MACHINE.png,Fallback from supplied price-list PDF (no matching image in 2025 web catalog),,
Price_List,24,24,FW-2001,OLYMPIC FLAT BENCH,US$264,1580*1706*1305mm,/,75kg,115kg,0.6,photos/Price_List_FW-2001_p24.png,images/FW-2001 - OLYMPIC FLAT BENCH/01 - OLYMPIC FLAT BENCH.jpeg,Official Realleader 2025 web catalog,https://realleadergym.com/album-dc15060.html,100
Price_List,24,25,FW-2002,OLYMPIC INCLINE BENCH,US$275,1580*1984*1522mm,/,105kg,145kg,0.6,photos/Price_List_FW-2002_p24.png,images/FW-2002 - OLYMPIC INCLINE BENCH/01 - OLYMPIC INCLINE BENCH.jpeg,Official Realleader 2025 web catalog,https://realleadergym.com/album-dc15060.html,100
Price_List,24,26,FW-2003,OLYMPIC DECLINE BENCH,US$275,1580*2104*1316mm,/,110kg,150kg,0.7,photos/Price_List_FW-2003_p24.png,images/FW-2003 - OLYMPIC DECLINE BENCH/01 - OLYMPIC DECLINE BENCH.jpeg,Official Realleader 2025 web catalog,https://realleadergym.com/album-dc15060.html,100
Price_List,24,27,FW-2004,SEATED ARM CURL,US$264,851*1250*1030mm,/,76kg,116kg,0.6,photos/Price_List_FW-2004_p24.png,images/FW-2004 - SEATED ARM CURL/01 - SEATED ARM CURL.jpeg,Official Realleader 2025 web catalog,https://realleadergym.com/album-dc15060.html,100
Price_List,24,28,FW-2005,T-BAR ROW,US$211,1020*2560*671mm,/,70kg,110kg,1.5,photos/Price_List_FW-2005_p24.png,images/FW-2005 - T-BAR ROW/01 - T-BAR ROW.jpeg,Official Realleader 2025 web catalog,https://realleadergym.com/album-dc15060.html,101
Price_List,25,29,FW-2006,HYPEREXTENSION,US$264,850*1496*863mm,/,71kg,111kg,0.3,photos/Price_List_FW-2006_p25.png,images/FW-2006 - HYPEREXTENSION/01 - HYPEREXTENSION.jpeg,Official Realleader 2025 web catalog,https://realleadergym.com/album-dc15060.html,101
Price_List,25,30,FW-2007,ASSIST ABDOMINAL BENCH,US$264,800*1565*1064mm,/,63kg,103kg,0.9,photos/Price_List_FW-2007_p25.png,images/FW-2007 - ASSIST ABDOMINAL BENCH/01 - ASSIST ABDOMINAL BENCH.jpeg,Official Realleader 2025 web catalog,https://realleadergym.com/album-dc15060.html,101
Price_List,25,31,FW-2008,ADJUSTABLE BENCH,US$192,720*1240*857mm,/,41kg,81kg,0.6,photos/Price_List_FW-2008_p25.png,images/FW-2008 - ADJUSTABLE BENCH/01 - ADJUSTABLE BENCH.jpeg,Official Realleader 2025 web catalog,https://realleadergym.com/album-dc15060.html,101
Price_List,25,32,FW-2009,FLAT BENCH,US$113,722*1266*438mm,/,71kg,111kg,0.2,photos/Price_List_FW-2009_p25.png,images/FW-2009 - FLAT BENCH/01 - FLAT BENCH.jpeg,Official Realleader 2025 web catalog,https://realleadergym.com/album-dc15060.html,101
Price_List,25,33,FW-2010,55-DEGREE BENCH,US$130,720*1060*1050mm,/,19kg,59kg,0.5,photos/Price_List_FW-2010_p25.png,images/FW-2010 - 55-DEGREE BENCH/01 - 55-DEGREE BENCH.jpeg,Official Realleader 2025 web catalog,https://realleadergym.com/album-dc15060.html,101
Price_List,25,34,FW-2011,LYING T-BAR ROW,US$314,,,,,,photos/Price_List_FW-2011_p25.png,images/FW-2011 - LYING T-BAR ROW/01 - LYING T-BAR ROW.png,Fallback from supplied price-list PDF (no matching image in 2025 web catalog),,
Price_List,25,35,FW-2012,LYING T-BAR ROW,US$370,1857*1103*1191mm,/,86kg,126kg,1.1,photos/Price_List_FW-2012_p25.png,images/FW-2012 - LYING T-BAR ROW/01 - LYING T-BAR ROW.jpeg,Official Realleader 2025 web catalog,https://realleadergym.com/album-dc15060.html,101
Price_List,25,36,FW-2013,ADJUSTABLE ABDOMINAL BENCH,US$209,1445*878*1078mm,/,37kg,77kg,0.7,photos/Price_List_FW-2013_p25.png,images/FW-2013 - ADJUSTABLE ABDOMINAL BENCH/01 - ADJUSTABLE ABDOMINAL BENCH.jpeg,Official Realleader 2025 web catalog,https://realleadergym.com/album-dc15060.html,101
Price_List,25,37,FW-2014,BARBELL RACK,US$150,923*748*1280mm,/,67kg,107kg,0.3,photos/Price_List_FW-2014_p25.png,images/FW-2014 - BARBELL RACK/01 - BARBELL RACK.jpeg,Official Realleader 2025 web catalog,https://realleadergym.com/album-dc15060.html,102
Price_List,25,38,FW-2015,DUMBBELL RACK- DOUBLE,US$222,2305*560*800mm,/,65kg,105kg,0.3,photos/Price_List_FW-2015_p25.png,images/FW-2015 - DUMBBELL RACK- DOUBLE/01 - DUMBBELL RACK- DOUBLE.jpeg,Official Realleader 2025 web catalog,https://realleadergym.com/album-dc15060.html,102
Price_List,26,39,FW-2016,PLATE RACK,US$95,832*665*1030mm,/,28kg,68kg,0.2,photos/Price_List_FW-2016_p26.png,images/FW-2016 - PLATE RACK/01 - PLATE RACK.jpeg,Official Realleader 2025 web catalog,https://realleadergym.com/album-dc15060.html,102
Price_List,26,40,FW-2017,SEATED CALF RAISE,US$264,1365*860*865mm,/,74kg,114kg,0.4,photos/Price_List_FW-2017_p26.png,images/FW-2017 - SEATED CALF RAISE/01 - SEATED CALF RAISE.jpeg,Official Realleader 2025 web catalog,https://realleadergym.com/album-dc15060.html,102
Price_List,26,41,FW-2018,SQUAT RACK,US$277,1580*1510*1745mm,/,100kg,140kg,0.9,photos/Price_List_FW-2018_p26.png,images/FW-2018 - SQUAT RACK/01 - SQUAT RACK.jpeg,Official Realleader 2025 web catalog,https://realleadergym.com/album-dc15060.html,102
Price_List,26,42,FW-2019,30-Degree Bench,US$130,1095*750*730mm,/,25kg,65kg,0.4,photos/Price_List_FW-2019_p26.png,images/FW-2019 - 30-Degree Bench/01 - 30-Degree Bench.jpeg,Official Realleader 2025 web catalog,https://realleadergym.com/album-dc15060.html,102
Price_List,26,43,FW-2020,90-Degree Bench,US$134,1370*725*1000mm,/,30kg,70kg,0.4,photos/Price_List_FW-2020_p26.png,images/FW-2020 - 90-Degree Bench/01 - 90-Degree Bench.jpeg,Official Realleader 2025 web catalog,https://realleadergym.com/album-dc15060.html,102
Price_List,26,44,FW-2021,ABDOMINAL BENCH,US$174,,,,,,photos/Price_List_FW-2021_p26.png,images/FW-2021 - ABDOMINAL BENCH/01 - ABDOMINAL BENCH.png,Fallback from supplied price-list PDF (no matching image in 2025 web catalog),,
Price_List,26,45,FW-2022,DECLINE ABDOMINAL BENCH,US$211,,,,,,photos/Price_List_FW-2022_p26.png,images/FW-2022 - DECLINE ABDOMINAL BENCH/01 - DECLINE ABDOMINAL BENCH.png,Fallback from supplied price-list PDF (no matching image in 2025 web catalog),,
Price_List,26,46,FW-2023,Dumbbell Rack- Single,US$148,2305*465*630mm,/,25kg,65kg,0.2,photos/Price_List_FW-2023_p26.png,images/FW-2023 - Dumbbell Rack- Single/01 - Dumbbell Rack- Single.jpeg,Official Realleader 2025 web catalog,https://realleadergym.com/album-dc15060.html,102
Price_List,26,47,FW-2024,MULTIPURPOSE RACK,US$425,,,,,,photos/Price_List_FW-2024_p26.png,images/FW-2024 - MULTIPURPOSE RACK/01 - MULTIPURPOSE RACK.png,Fallback from supplied price-list PDF (no matching image in 2025 web catalog),,
Price_List,26,48,FW-2025,Leg Raise/Vertical Knee up,US$322,1122*805*1690mm,/,105kg,145kg,0.9,photos/Price_List_FW-2025_p26.png,images/FW-2025 - Leg Raise_Vertical Knee up/01 - Leg Raise_Vertical Knee up.jpeg,Official Realleader 2025 web catalog,https://realleadergym.com/album-dc15060.html,103
Price_List,27,49,FW-2026,DECLINE ROMAN,US$200,,,,,,photos/Price_List_FW-2026_p27.png,images/FW-2026 - DECLINE ROMAN/01 - DECLINE ROMAN.png,Fallback from supplied price-list PDF (no matching image in 2025 web catalog),,
Price_List,27,50,FW-2027,Abdominal Extension,US$449,1690*805*2455mm,/,125kg,165kg,1.2,photos/Price_List_FW-2027_p27.png,images/FW-2027 - Abdominal Extension/01 - Abdominal Extension.jpeg,Official Realleader 2025 web catalog,https://realleadergym.com/album-dc15060.html,103
Price_List,27,51,FW-2028,Adjustable Bench,US$218,1370*767*600mm,/,41kg,81kg,0.6,photos/Price_List_FW-2028_p27.png,images/FW-2028 - Adjustable Bench/01 - Adjustable Bench.jpeg,Official Realleader 2025 web catalog,https://realleadergym.com/album-dc15060.html,103
Price_List,27,52,FW-2029,Glute Ham Raise,US$251,1715*678*1210mm,/,84kg,124kg,0.5,photos/Price_List_FW-2029_p27.png,images/FW-2029 - Glute Ham Raise/01 - Glute Ham Raise.jpeg,Official Realleader 2025 web catalog,https://realleadergym.com/album-dc15060.html,103
Price_List,28,1,PF-1001,Chest Press/Shoulder Press,"US$1,008",1980*1236*1515mm,263lbs/119.25kg,154kg,194kg,1,photos/Price_List_PF-1001_p28.png,images/PF-1001 - Chest Press_Shoulder Press/01 - Chest Press_Shoulder Press.jpeg,Official Realleader 2025 web catalog,https://realleadergym.com/album-dc15060.html,65
Price_List,28,2,PF-1002,Biceps Curl Triceps Extension,US$959,1292*910*1515mm,218lbs/99kg,145kg,185kg,1.1,photos/Price_List_PF-1002_p28.png,images/PF-1002 - Biceps Curl Triceps Extension/01 - Biceps Curl Triceps Extension.jpeg,Official Realleader 2025 web catalog,https://realleadergym.com/album-dc15060.html,65
Price_List,28,3,PF-1003,Pec Fly/Rear Deltoid,US$950,1840*1210*2006mm,218lbs/99kg,135kg,175kg,1,photos/Price_List_PF-1003_p28.png,images/PF-1003 - Pec Fly_Rear Deltoid/01 - Pec Fly_Rear Deltoid.jpeg,Official Realleader 2025 web catalog,https://realleadergym.com/album-dc15060.html,65
Price_List,28,4,PF-1004,Lat Pulldown/Seated Row,US$979,1746*1250*2317mm,263lbs/119.25kg,140kg,180kg,0.7,photos/Price_List_PF-1004_p28.png,images/PF-1004 - Lat Pulldown_Seated Row/01 - Lat Pulldown_Seated Row.jpeg,Official Realleader 2025 web catalog,https://realleadergym.com/album-dc15060.html,66
Price_List,28,5,PF-1005,Back Extension/Abdominal Crunch,US$961,1230*932*1515mm,218lbs/99kg,134kg,174kg,1.1,photos/Price_List_PF-1005_p28.png,images/PF-1005 - Back Extension_Abdominal Crunch/01 - Back Extension_Abdominal Crunch.jpeg,Official Realleader 2025 web catalog,https://realleadergym.com/album-dc15060.html,66
Price_List,28,6,PF-1006,Hip Abductor/Hip Adductor,US$956,1595*1465*1515mm,218lbs/99kg,160kg,200kg,0.9,photos/Price_List_PF-1006_p28.png,images/PF-1006 - Hip Abductor_Hip Adductor/01 - Hip Abductor_Hip Adductor.jpeg,Official Realleader 2025 web catalog,https://realleadergym.com/album-dc15060.html,66
Price_List,28,7,PF-1007,Leg Curl/Leg Extension,US$967,1708*922*1515mm,263lbs/119.25kg,155kg,195kg,0.8,photos/Price_List_PF-1007_p28.png,images/PF-1007 - Leg Curl_Leg Extension/01 - Leg Curl_Leg Extension.jpeg,Official Realleader 2025 web catalog,https://realleadergym.com/album-dc15060.html,67
Price_List,28,8,PF-1008,Chin/Dip Assistant,US$864,1278*1200*2208mm,263lbs/119.25kg,215kg,255kg,1.5,photos/Price_List_PF-1008_p28.png,images/PF-1008 - Chin_Dip Assistant/01 - Chin_Dip Assistant.jpeg,Official Realleader 2025 web catalog,https://realleadergym.com/album-dc15060.html,67
Price_List,29,9,PF-1009,Leg Press/Calf Raise,"US$1,072",1740*998*1715mm,263lbs/119.25kg,183kg,223kg,1.2,photos/Price_List_PF-1009_p29.png,images/PF-1009 - Leg Press_Calf Raise/01 - Leg Press_Calf Raise.jpeg,Official Realleader 2025 web catalog,https://realleadergym.com/album-dc15060.html,67
Price_List,29,10,PF-1010,Double Pulley Machine,US$950,1521*1368*2215mm,263lbs/119.25kg,140kg,180kg,0.8,photos/Price_List_PF-1010_p29.png,images/PF-1010 - Double Pulley Machine/01 - Double Pulley Machine.jpeg,Official Realleader 2025 web catalog,https://realleadergym.com/album-dc15060.html,68
Price_List,30,1,RCT-900A,Commercial Treadmill( Andorid),"US$2,140",2170*930*1650mm,/,230kg,260kg,2.4,photos/Price_List_RCT-900A_p30.png,images/RCT-900A - Commercial Treadmill( Andorid)/01 - Commercial Treadmill( Andorid).jpeg,Official Realleader 2025 web catalog,https://realleadergym.com/album-dc15060.html,11
Price_List,30,2,RCT-900M,Commercial Treadmill,"US$1,733",2170*930*1650mm,/,230kg,260kg,1.2,photos/Price_List_RCT-900M_p30.png,images/RCT-900M - Commercial Treadmill/01 - Commercial Treadmill.jpeg,Official Realleader 2025 web catalog,https://realleadergym.com/album-dc15060.html,10
Price_List,30,3,RCT-950A,Commercial Treadmill(invert Mitsubish) 21.5inch LCD,"US$2,681",2160*910*1600mm,/,230kg,260kg,1.6,photos/Price_List_RCT-950A_p30.png,images/RCT-950A - Commercial Treadmill(invert Mitsubish) 21.5inch LCD/01 - Commercial Treadmill(invert Mitsubish) 21.5inch LCD.jpeg,Official Realleader 2025 web catalog,https://realleadergym.com/album-dc15060.html,12
Price_List,30,4,RCT-950A,Commercial Treadmill (invert Mitsubish) 27inch LCD screen,"US$3,222",2160*910*1600mm,/,230kg,260kg,1.7,photos/Price_List_RCT-950A_p30_2.png,images/RCT-950A - Commercial Treadmill (invert Mitsubish) 27inch LCD screen/01 - Commercial Treadmill (invert Mitsubish) 27inch LCD screen.jpeg,Official Realleader 2025 web catalog,https://realleadergym.com/album-dc15060.html,12
Price_List,30,5,RS-800,Stairmaster,"US$1,680",1570*760*2270mm,/,300kg,320kg,1.7,photos/Price_List_RS-800_p30.png,images/RS-800 - Stairmaster/01 - Stairmaster.png,Fallback from supplied price-list PDF (no matching image in 2025 web catalog),,
Price_List,30,6,RE-6600R,Recumbent Bike (without pad),"US$1,400",1120*580*1460mm,/,69kg,75kg,1.7,photos/Price_List_RE-6600R_p30.png,images/RE-6600R - Recumbent Bike (without pad)/01 - Recumbent Bike (without pad).jpeg,Official Realleader 2025 web catalog,https://realleadergym.com/album-dc15060.html,16
Price_List,30,7,RE-6600U,Uprigt Bike (without pad),"US$1,258",1520*585*1130mm,/,85kg,92kg,1.4,photos/Price_List_RE-6600U_p30.png,images/RE-6600U - Uprigt Bike (without pad)/01 - Uprigt Bike (without pad).jpeg,Official Realleader 2025 web catalog,https://realleadergym.com/album-dc15060.html,15
Price_List,31,8,RE-6600E,Elliptical Bike,"US$1,543",2130*670*1780mm,/,100kg,140kg,1.8,photos/Price_List_RE-6600E_p31.png,images/RE-6600E - Elliptical Bike/01 - Elliptical Bike.jpeg,Official Realleader 2025 web catalog,https://realleadergym.com/album-dc15060.html,19
Price_List,31,9,RE-6800E,Elliptical Bike (Fixed Angle),"US$1,784",2140*720*1780mm,/,110kg,130kg,1.5,photos/Price_List_RE-6800E_p31.png,images/RE-6800E - Elliptical Bike (Fixed Angle)/01 - Elliptical Bike (Fixed Angle).jpeg,Official Realleader 2025 web catalog,https://realleadergym.com/album-dc15060.html,20
Price_List,31,10,RE-6900E,Ellptical BikeAdjustable),"US$2,052",2140*720*1780mm,/,110kg,130kg,1.7,photos/Price_List_RE-6900E_p31.png,images/RE-6900E - Ellptical BikeAdjustable)/01 - Ellptical BikeAdjustable).jpeg,Official Realleader 2025 web catalog,https://realleadergym.com/album-dc15060.html,21
Price_List,31,11,RSB-260,Spinning Bike (no hand-pulse),US$384,1145*630*970mm,/,58kg,60kg,0.3,photos/Price_List_RSB-260_p31.png,images/RSB-260 - Spinning Bike (no hand-pulse)/01 - Spinning Bike (no hand-pulse).jpeg,Official Realleader 2025 web catalog,https://realleadergym.com/album-dc15060.html,17
Price_List,31,12,RSB-280,Spinning Bike (no hand-pulse),US$425,1050*620*970mm,/,90kg,93kg,1.3,photos/Price_List_RSB-280_p31.png,images/RSB-280 - Spinning Bike (no hand-pulse)/01 - Spinning Bike (no hand-pulse).png,Fallback from supplied price-list PDF (no matching image in 2025 web catalog),,
Price_List,31,13,RSB-300,Realleader Spinning (Magnet Resistance)(no hand pulse),US$420,,/,,,,photos/Price_List_RSB-300_p31.png,images/RSB-300 - Realleader Spinning (Magnet Resistance)(no hand pulse)/01 - Realleader Spinning (Magnet Resistance)(no hand pulse).png,Fallback from supplied price-list PDF (no matching image in 2025 web catalog),,
NEW_GL_Price_List_0611,1,1,GL-1001,Buttocks Bridge,"US$1,247",,,,,,photos/NEW_GL_Price_List_0611_GL-1001_p1.png,images/GL-1001 - Buttocks Bridge/01 - Buttocks Bridge.png,Fallback from supplied price-list PDF (no matching image in 2025 web catalog),,
NEW_GL_Price_List_0611,1,2,GL-1002,Standing Glute Machine,"US$1,259",,,,,,photos/NEW_GL_Price_List_0611_GL-1002_p1.png,images/GL-1002 - Standing Glute Machine/01 - Standing Glute Machine.png,Fallback from supplied price-list PDF (no matching image in 2025 web catalog),,
NEW_GL_Price_List_0611,1,3,GL-1003,Back Extension,"US$1,239",,,,,,photos/NEW_GL_Price_List_0611_GL-1003_p1.png,images/GL-1003 - Back Extension/01 - Back Extension.png,Fallback from supplied price-list PDF (no matching image in 2025 web catalog),,
NEW_GL_Price_List_0611,1,4,GL-1004,Standing Hip Thrust,"US$1,247",,,,,,photos/NEW_GL_Price_List_0611_GL-1004_p1.png,images/GL-1004 - Standing Hip Thrust/01 - Standing Hip Thrust.png,Fallback from supplied price-list PDF (no matching image in 2025 web catalog),,
NEW_GL_Price_List_0611,1,5,GL-1005,Standing Abductor,"US$1,244",,,,,,photos/NEW_GL_Price_List_0611_GL-1005_p1.png,images/GL-1005 - Standing Abductor/01 - Standing Abductor.png,Fallback from supplied price-list PDF (no matching image in 2025 web catalog),,
NEW_GL_Price_List_0611,1,6,GL-1006,Standing Adductor,"US$1,244",,,,,,photos/NEW_GL_Price_List_0611_GL-1006_p1.png,images/GL-1006 - Standing Adductor/01 - Standing Adductor.png,Fallback from supplied price-list PDF (no matching image in 2025 web catalog),,
NEW_GL_Price_List_0611,1,7,GL-1007,Prone Glute Machine,"US$1,293",,,,,,photos/NEW_GL_Price_List_0611_GL-1007_p1.png,images/GL-1007 - Prone Glute Machine/01 - Prone Glute Machine.png,Fallback from supplied price-list PDF (no matching image in 2025 web catalog),,
NEW_GL_Price_List_0611,1,9,GL-1009,Multi Hip,"US$1,239",,,,,,photos/NEW_GL_Price_List_0611_GL-1009_p1.png,images/GL-1009 - Multi Hip/01 - Multi Hip.png,Fallback from supplied price-list PDF (no matching image in 2025 web catalog),,
